movieId,title,weighted_rating
58559,The Dark Knight,7.510818099909603
1196,The Empire Strikes Back,7.397060021857309
79132,Inception,7.3769762837187045
7153,The Lord of the Rings: The Return of the King,7.34693886304394
260,Star Wars,7.335489909632699
