movieId,title,weighted_rating
58559,The Dark Knight,7.509910865049542
1196,The Empire Strikes Back,7.396279736703408
79132,Inception,7.376274847203801
7153,The Lord of the Rings: The Return of the King,7.3462542731709775
260,Star Wars,7.334812705105886
