movieId,title,weighted_rating
36086,Dilwale Dulhania Le Jayenge,7.78701893232202
2324,Life Is Beautiful,7.430849269436427
356,Forrest Gump,7.415300847829542
92259,The Intouchables,7.389661699026351
1270,Back to the Future,7.26084053767457
