movieId,title,weighted_rating
36086,Dilwale Dulhania Le Jayenge,7.788707953259207
2324,Life Is Beautiful,7.43171818338094
356,Forrest Gump,7.416091797581925
92259,The Intouchables,7.390437941940005
1270,Back to the Future,7.261406386248613
