movieId,title,weighted_rating
36086,Dilwale Dulhania Le Jayenge,7.78701893232202
318,The Shawshank Redemption,7.625854499475038
858,The Godfather,7.603202929452613
58559,The Dark Knight,7.509910865049542
2959,Fight Club,7.4956153140255015
