movieId,title,weighted_rating
36086,Dilwale Dulhania Le Jayenge,7.788707953259207
318,The Shawshank Redemption,7.626966028404706
858,The Godfather,7.604307750680437
58559,The Dark Knight,7.510818099909603
2959,Fight Club,7.496517362030495
