movieId,title,weighted_rating
36086,Dilwale Dulhania Le Jayenge,7.788707953259207
318,The Shawshank Redemption,7.626966028404706
858,The Godfather,7.604307750680437
171011,Planet Earth II,7.560670899890189
58559,The Dark Knight,7.510818099909603
2959,Fight Club,7.496517362030495
296,Pulp Fiction,7.489709643130511
163134,Your Name.,7.458575051777124
527,Schindler's List,7.445606487431514
112552,Whiplash,7.444660459441166
