movieId,title,weighted_rating
36086,Dilwale Dulhania Le Jayenge,7.78701893232202
318,The Shawshank Redemption,7.625854499475038
858,The Godfather,7.603202929452613
171011,Planet Earth II,7.559005535784895
58559,The Dark Knight,7.509910865049542
2959,Fight Club,7.4956153140255015
296,Pulp Fiction,7.48881033433045
163134,Your Name.,7.457556287808183
527,Schindler's List,7.44472914343713
112552,Whiplash,7.443783666673407
